"","mtry","RMSE","Rsquared","MAE","RMSESD","RsquaredSD","MAESD"
"1",100,10.4371482907092,0.21565777928265,7.56188892559909,0.593554645144057,0.0545394557699799,0.426454271420895
"2",200,10.4364902341831,0.216224566141104,7.55465396281427,0.591253952953569,0.0562774909414094,0.418916793111116
"3",500,10.4536441783025,0.21371270273133,7.57814608090225,0.579237489644303,0.0560250530339917,0.423981400300044
