"","mtry","RMSE","Rsquared","MAE","RMSESD","RsquaredSD","MAESD"
"1",100,26.6601132362578,0.419458247206835,19.8738027115049,1.77190771100531,0.116429143606933,1.05334970210358
"2",200,26.6195243357124,0.42082528234056,19.8195296355646,1.79077795697234,0.117682099167475,1.07908765524223
"3",500,26.6450432813372,0.419660452237893,19.8628519401499,1.67805012177922,0.115207068156932,1.00592257301532
