"","mtry","RMSE","Rsquared","MAE","RMSESD","RsquaredSD","MAESD"
"1",100,26.7622808166082,0.410545470466919,19.9409005691638,1.64768980271555,0.116802289840164,0.899824657088783
"2",200,26.7262833586098,0.412099781899199,19.9128968550945,1.65407365934746,0.116986331582737,0.877366507647749
"3",500,26.7585325060091,0.413221534214608,19.9587007227976,1.65036228023274,0.118288144895408,0.861534957614715
