"","mtry","RMSE","Rsquared","MAE","RMSESD","RsquaredSD","MAESD"
"1",100,26.7949761107614,0.410871046342476,19.9180383955786,1.70107944801395,0.109811840267442,0.879371802181315
"2",200,26.7609171520264,0.411883179552157,19.9350890515124,1.69462291539741,0.109736191644852,0.845820578633784
"3",500,26.7586053869861,0.412038804848096,19.915934872142,1.72872425130158,0.110375508684976,0.872908761205154
