"","mtry","RMSE","Rsquared","MAE","RMSESD","RsquaredSD","MAESD"
"1",100,0.741572810953724,0.474135943815081,0.563920138107937,0.0422960800533284,0.0577936510930355,0.0326551298330117
"2",200,0.739513948954974,0.476819611217338,0.561778182846506,0.0433666152609941,0.0595722809640086,0.0335330400800151
"3",500,0.740874707293041,0.474751575116353,0.563458201853674,0.0429097277968895,0.0594096648738051,0.0324964330392718
